limit;time_product_unoptimiesed
0.25;0.0020387359836901123
0.5;0.02854230377166157
1;0.799184505606524
2;0.109072375127421
4;0.02854230377166157
5;0.0326197757390418
