limit;states_product_unoptimiesed
0.25;0.0
0.5;0.0
1;0.0
1.0;0.5759429153924567
2;0.18246687054026503
4;0.04994903160040775
5;0.19164118246687054
