median_states_;mean_states;median_time;mean_time;median_acc;mean_acc
0.004322093294914726;0.005157396203878814;0.007333125155639178;0.006688753056826157;0.8;0.7912336104796455
