limit;time_product;time_me1;time_me2;time_me3;time_limited
0.01;0.05308775731310943;0.0066815144766146995;0.006726457399103139;0.006756756756756757;0.05945945945945946
0.1;0.12026002166847237;0.024498886414253896;0.020179372197309416;0.02364864864864865;0.12216216216216216
1;0.2914409534127844;0.14365256124721604;0.0795964125560538;0.1768018018018018;0.2951351351351351
10;0.47778981581798485;0.6893095768374164;0.7197309417040358;0.5867117117117117;0.4810810810810811
100;0.04983748645720477;0.0935412026726058;0.10650224215246637;0.12162162162162163;0.03891891891891892
101;0.007583965330444204;0.042316258351893093;0.06726457399103139;0.08445945945945946;0.003243243243243243
