limit;states_limited
0.25;0.1296395911780527
0.5;0.0586336740182894
1;0.05379236148466918
1.0;0.21355567509413664
2;0.12318450779989241
4;0.07530930607853685
5;0.3458848843464228
