limit;time_limited
0.25;0.10328133405056482
0.5;0.08606777837547068
1;0.44217321140398064
2;0.3259817105970952
4;0.0392684238838085
5;0.0032275416890801506
